{"cameraMode":{"drawMode":0,"name":"Shaded","section":"Shading Mode"},"sceneLighting":true,"audioPlay":false,"sceneViewState":{"showFog":true,"showMaterialUpdate":false,"showSkybox":true,"showFlares":true,"showImageEffects":true,"showParticleSystems":true},"in2DMode":false,"pivot":{"x":54.417816162109378,"y":1.1844085454940797,"z":50.87681198120117},"rotation":{"x":-0.020369885489344598,"y":-0.1742607206106186,"z":-0.0036198121961206199,"w":0.9844980835914612},"size":0.7948192954063416,"orthographic":false}