{"cameraMode":{"drawMode":0,"name":"Shaded","section":"Shading Mode"},"sceneLighting":true,"audioPlay":false,"sceneViewState":{"showFog":true,"showMaterialUpdate":false,"showSkybox":true,"showFlares":true,"showImageEffects":true,"showParticleSystems":true},"in2DMode":false,"pivot":{"x":36.54219436645508,"y":-8.979812622070313,"z":21.80051040649414},"rotation":{"x":0.039892397820949557,"y":-0.9495220184326172,"z":0.13507431745529176,"w":0.28035834431648257},"size":20.480470657348634,"orthographic":false}