{"cameraMode":{"drawMode":0,"name":"Shaded","section":"Shading Mode"},"sceneLighting":true,"audioPlay":false,"sceneViewState":{"showFog":true,"showMaterialUpdate":false,"showSkybox":true,"showFlares":true,"showImageEffects":true,"showParticleSystems":true},"in2DMode":false,"pivot":{"x":42.70347595214844,"y":-36.059852600097659,"z":38.206275939941409},"rotation":{"x":0.19279535114765168,"y":-0.7982878684997559,"z":0.33122915029525759,"w":0.46462976932525637},"size":60.755706787109378,"orthographic":false}