{"cameraMode":{"drawMode":0,"name":"Shaded","section":"Shading Mode"},"sceneLighting":true,"audioPlay":false,"sceneViewState":{"showFog":true,"showMaterialUpdate":false,"showSkybox":true,"showFlares":true,"showImageEffects":true,"showParticleSystems":true},"in2DMode":false,"pivot":{"x":31.566343307495118,"y":0.0,"z":34.2134895324707},"rotation":{"x":-0.061548229306936267,"y":-0.9380761384963989,"z":0.22688916325569154,"w":-0.25447019934654238},"size":59.31842803955078,"orthographic":false}