{"cameraMode":{"drawMode":0,"name":"Shaded","section":"Shading Mode"},"sceneLighting":true,"audioPlay":false,"sceneViewState":{"showFog":true,"showMaterialUpdate":false,"showSkybox":true,"showFlares":true,"showImageEffects":true,"showParticleSystems":true},"in2DMode":false,"pivot":{"x":62.639366149902347,"y":0.8165593147277832,"z":61.32341384887695},"rotation":{"x":-0.003610162530094385,"y":0.9954580068588257,"z":-0.0856299102306366,"w":-0.04184635356068611},"size":1.9051806926727296,"orthographic":false}